{
	"id": "9bb75af9-fb9f-61d3-ba4e-a87aec400ff9",
	"name": "CSC Fresher AngularJS",
	"description": "",
	"order": [
		"4bf35f31-9ac1-a1c5-c28b-202163687606",
		"da3a7a2d-2cf6-92bd-0f00-94635305afc1",
		"a6d1131a-a150-5de9-6873-c65d963db830",
		"5b6c7b6a-44ea-0e3d-eff4-10acb63b8684",
		"2bca3d5e-1998-0222-04d0-e1719323c7ae"
	],
	"folders": [],
	"timestamp": 1486117578428,
	"owner": "331315",
	"public": false,
	"requests": [
		{
			"id": "2bca3d5e-1998-0222-04d0-e1719323c7ae",
			"headers": "",
			"url": "http://localhost:9000/fresherangular/product/decrease/1",
			"pathVariables": {},
			"preRequestScript": null,
			"method": "GET",
			"collectionId": "9bb75af9-fb9f-61d3-ba4e-a87aec400ff9",
			"data": null,
			"dataMode": "params",
			"name": "Decrease Available",
			"description": "",
			"descriptionFormat": "html",
			"time": 1486119026941,
			"version": 2,
			"responses": [],
			"tests": null,
			"currentHelper": "normal",
			"helperAttributes": {}
		},
		{
			"id": "4bf35f31-9ac1-a1c5-c28b-202163687606",
			"headers": "Content-Type: application/json\n",
			"url": "http://localhost:9000/fresherangular/product/add",
			"pathVariables": {},
			"preRequestScript": null,
			"method": "POST",
			"collectionId": "9bb75af9-fb9f-61d3-ba4e-a87aec400ff9",
			"data": [],
			"dataMode": "raw",
			"name": "Adding Product",
			"description": "",
			"descriptionFormat": "html",
			"time": 1486117578428,
			"version": 2,
			"responses": [],
			"tests": null,
			"currentHelper": "normal",
			"helperAttributes": {},
			"rawModeData": "{\r\n    \"name\": \"name test\",\r\n    \"model\": \"model test\",\r\n    \"year\": 2016,\r\n    \"price\": 10000000,\r\n\t\"producer\": \"Producer test\",\r\n\t\"available\": 10\r\n}"
		},
		{
			"id": "5b6c7b6a-44ea-0e3d-eff4-10acb63b8684",
			"headers": "",
			"url": "http://localhost:9000/fresherangular/product/increase/1",
			"pathVariables": {},
			"preRequestScript": null,
			"method": "GET",
			"collectionId": "9bb75af9-fb9f-61d3-ba4e-a87aec400ff9",
			"data": null,
			"dataMode": "params",
			"name": "Increase Available",
			"description": "",
			"descriptionFormat": "html",
			"time": 1486118989691,
			"version": 2,
			"responses": [],
			"tests": null,
			"currentHelper": "normal",
			"helperAttributes": {}
		},
		{
			"id": "a6d1131a-a150-5de9-6873-c65d963db830",
			"headers": "",
			"url": "http://localhost:9000/fresherangular/product/get/1",
			"pathVariables": {},
			"preRequestScript": null,
			"method": "GET",
			"collectionId": "9bb75af9-fb9f-61d3-ba4e-a87aec400ff9",
			"data": null,
			"dataMode": "params",
			"name": "Get Product by Id",
			"description": "",
			"descriptionFormat": "html",
			"time": 1486118820005,
			"version": 2,
			"responses": [],
			"tests": null,
			"currentHelper": "normal",
			"helperAttributes": {}
		},
		{
			"id": "da3a7a2d-2cf6-92bd-0f00-94635305afc1",
			"headers": "",
			"url": "http://localhost:9000/fresherangular/product/list",
			"pathVariables": {},
			"preRequestScript": null,
			"method": "GET",
			"collectionId": "9bb75af9-fb9f-61d3-ba4e-a87aec400ff9",
			"data": null,
			"dataMode": "params",
			"name": "Listing Product",
			"description": "",
			"descriptionFormat": "html",
			"time": 1486117598135,
			"version": 2,
			"responses": [],
			"tests": null,
			"currentHelper": "normal",
			"helperAttributes": {}
		}
	]
}