<?xml version="1.0" encoding="UTF-8"?>
<beans xmlns="http://www.springframework.org/schema/beans"
	xmlns:jdbc="http://www.springframework.org/schema/jdbc" 
	xmlns:xsi="http://www.w3.org/2001/XMLSchema-instance"
	xmlns:tx="http://www.springframework.org/schema/tx"
	xsi:schemaLocation="http://www.springframework.org/schema/beans 
						http://www.springframework.org/schema/beans/spring-beans.xsd
						http://www.springframework.org/schema/jdbc 
						http://www.springframework.org/schema/jdbc/spring-jdbc.xsd
						http://www.springframework.org/schema/tx
        				http://www.springframework.org/schema/tx/spring-tx.xsd">

	<bean id="dataSource"
		class="org.springframework.jdbc.datasource.DriverManagerDataSource">
		<property name="driverClassName" value="net.sourceforge.jtds.jdbc.Driver" />
		<property name="url" value="jdbc:jtds:sqlserver://localhost:1433;databaseName=SPRING_DEMO" />
		<property name="username" value="sa" />
		<property name="password" value="Admin2012" />
	</bean>		
	
	<bean id="sessionFactory"
		class="org.springframework.orm.hibernate3.LocalSessionFactoryBean">
		<property name="dataSource" ref="dataSource" />
		<property name="hibernateProperties">
			<props>
				<!-- JDBC Connection Pool (use the built-in) -->
				<prop key="hibernate.connection.pool_size">50</prop>
				<!-- SQL Dialect -->
				<prop key="hibernate.dialect">org.hibernate.dialect.SQLServerDialect</prop>
				<!-- Echo all executed SQL to stdout -->
				<prop key="show_sql">true</prop>
				<prop key="format_sql">true</prop>
				<prop key="use_sql_comments">true</prop>
			</props>
		</property>
		<property name="mappingResources">
			<list>
				<value>employee.hbm.xml</value>
			</list>
		</property>
	</bean>
	
	<bean id="hibernateTemplate" class="org.springframework.orm.hibernate3.HibernateTemplate">
		<property name="sessionFactory" ref="sessionFactory" />
	</bean>
	
	<bean id="employeeDAO" class="com.csc.dao.EmployeeDAO">
		<property name="hibernateTemplate" ref="hibernateTemplate"></property>
	</bean>
</beans>
