<?xml version="1.0"?>
<!DOCTYPE hibernate-mapping PUBLIC 
"-//Hibernate/Hibernate Mapping DTD 3.0//EN"
"http://hibernate.sourceforge.net/hibernate-mapping-3.0.dtd">

<hibernate-mapping>
	<class name="com.csc.dto.Employee" table="EMPLOYEE">
		<id name="empId" type="long" column="ID">
			<generator class="native" />
		</id>

		<property name="name" type="string">
			<column name="EMP_NAME"></column>
		</property>

		<property name="address" type="string">
			<column name="EMP_ADDRESS" />
		</property>
	</class>
</hibernate-mapping>